Label,# Samples,Average,Min,Max,Std. Dev.,Error %,Throughput,Received KB/sec,Sent KB/sec,Avg. Bytes
Insert Patient,10000,36604,24,61586,29171.77,60.830%,115.59892,16.37,14.11,145.0
Insert Doctor,10000,15602,4,60111,26250.83,25.900%,72.93893,8.49,8.83,119.2
Insert Appoointment,10000,7646,4,60044,19942.75,12.670%,73.10422,7.81,9.21,109.4
TOTAL,30000,19950,4,61586,28198.46,33.133%,218.52828,26.57,26.89,124.5
