Label,# Samples,Average,Min,Max,Std. Dev.,Error %,Throughput,Received KB/sec,Sent KB/sec,Avg. Bytes
Insert DB Generated,100,1552,876,1937,208.30,0.000%,40.14452,3.88,5.17,99.0
Insert BAL UUID,100,1240,143,1595,306.17,0.000%,44.88330,4.34,5.74,99.0
Insert Ungenerated,100,1283,85,1612,341.70,0.000%,44.82295,4.33,6.69,99.0
Get One,100,1304,132,1720,305.18,0.000%,46.06172,10.80,5.76,240.0
Get Filtered,100,1804,254,2623,554.79,0.000%,32.50975,332.75,4.10,10481.0
Get All,100,1622,94,2154,406.49,0.000%,35.38570,381.95,4.32,11053.0
TOTAL,600,1467,85,2623,423.51,0.000%,9.22609,33.14,1.20,3678.5
