Label,# Samples,Average,Min,Max,Std. Dev.,Error %,Throughput,Received KB/sec,Sent KB/sec,Avg. Bytes
Insert DB Generated,100,986,44,1351,345.53,0.000%,49.87531,4.82,6.43,99.0
Insert BAL UUID,100,993,49,1355,323.96,0.000%,51.33470,4.96,6.57,99.0
Insert Ungenerated,100,907,72,1222,288.91,0.000%,52.19207,5.05,7.79,99.0
Retrieve One,100,863,80,1168,277.77,0.000%,54.94505,12.88,6.87,240.0
Retrieve Filtered,100,1197,55,1618,356.12,0.000%,45.31038,463.77,5.71,10481.0
Retrieve All,100,1473,60,1939,350.50,0.000%,39.60396,427.48,4.83,11053.0
TOTAL,600,1070,44,1939,386.46,0.000%,9.61184,34.53,1.25,3678.5
