Label,# Samples,Average,Min,Max,Std. Dev.,Error %,Throughput,Received KB/sec,Sent KB/sec,Avg. Bytes
Insert DB Generated,100,1893,1460,2453,242.06,0.000%,34.92840,3.38,4.50,99.0
Insert BAL UUID,100,1376,113,1961,405.32,0.000%,40.74980,3.94,5.21,99.0
Insert Ungenerated,100,1142,64,1506,338.87,0.000%,45.66210,4.41,6.82,99.0
Get One,100,1121,204,1576,286.46,0.000%,45.14673,10.54,5.64,239.0
Get Filtered,100,3207,597,4984,1047.52,0.000%,19.21230,200.36,2.42,10679.0
Get All,100,2051,175,3283,739.27,0.000%,26.46203,283.02,3.23,10952.0
TOTAL,600,1798,64,4984,929.99,0.000%,8.73223,31.51,1.13,3694.5
