Label,# Samples,Average,Min,Max,Std. Dev.,Error %,Throughput,Received KB/sec,Sent KB/sec,Avg. Bytes
Insert DB Generated,100,985,67,1355,336.44,0.000%,50.35247,4.87,6.49,99.0
Insert BAL UUID,100,980,42,1420,349.72,0.000%,50.35247,4.87,6.44,99.0
Insert Ungenerated,100,785,44,1125,276.46,0.000%,54.02485,5.22,8.07,99.0
Retrieve One,100,646,44,933,248.18,0.000%,58.47953,13.65,7.31,239.0
Retrieve Filtered,100,1417,98,2548,604.14,0.000%,32.61579,340.14,4.11,10679.0
Retrieve All,100,1325,52,2063,471.79,0.000%,36.76471,393.21,4.49,10952.0
TOTAL,600,1023,42,2548,484.71,0.000%,9.47463,34.18,1.23,3694.5
