Label,# Samples,Average,Min,Max,Std. Dev.,Error %,Throughput,Received KB/sec,Sent KB/sec,Avg. Bytes
Insert DB Generated,5000,10,5,77,5.92,0.000%,499.45060,48.77,64.38,100.0
Insert BAL UUID,5000,6553,5,60078,18656.25,10.860%,71.44592,7.54,9.14,108.0
Insert Ungenerated,5000,6427,6,60057,18486.89,10.640%,71.89693,7.57,10.87,107.9
Get One,5000,2,1,34,1.46,0.000%,499.95000,117.18,62.49,240.0
Get Filtered,5000,58869,1228,60123,7468.77,97.720%,71.42755,770.87,9.00,11051.3
Get All,5000,58802,2323,60129,7720.18,97.620%,71.40511,915.79,8.72,13133.1
TOTAL,30000,21777,1,60129,28772.69,36.140%,85.82070,345.58,11.17,4123.4
