Label,# Samples,Average,Min,Max,Std. Dev.,Error %,Throughput,Received KB/sec,Sent KB/sec,Avg. Bytes
Insert DB Generated,5000,8,5,44,3.80,0.000%,499.75012,48.80,64.42,100.0
Insert BAL UUID,5000,24,5,60053,849.15,0.020%,75.84491,7.41,9.70,100.0
Insert Ungenerated,5000,9,5,65,4.56,0.000%,499.65024,48.79,75.52,100.0
Get One,5000,2,1,36,1.64,0.000%,500.00000,117.19,62.50,240.0
Get Filtered,5000,58837,1652,60243,7433.71,97.560%,68.18492,880.67,8.59,13225.8
Get All,5000,58647,1828,60101,8358.28,97.420%,70.99348,986.01,8.67,14222.1
TOTAL,30000,19588,1,60243,28062.46,32.500%,125.15645,570.13,16.29,4664.7
