Label,# Samples,Average,Min,Max,Std. Dev.,Error %,Throughput,Received KB/sec,Sent KB/sec,Avg. Bytes
DB_Generated,5000,28080,28,61167,29694.39,46.300%,71.80194,9.41,9.26,134.3
Bal_UUID,5000,12535,5,60077,24297.32,20.760%,73.81381,8.32,9.44,115.4
Ungenerated,5000,11,5,43,4.80,0.000%,499.80008,48.81,75.55,100.0
Get One,5000,210,1,3615,697.70,0.000%,500.00000,117.19,62.50,240.0
Get Filtered,5000,59254,3773,60054,5760.51,98.320%,71.42857,638.99,9.00,9160.5
Get All,5000,57916,1037,60081,10522.65,96.200%,69.46084,764.27,8.48,11266.9
TOTAL,30000,26334,1,61167,29626.66,43.597%,100.21178,342.80,13.04,3502.8
