Label,# Samples,Average,Min,Max,Std. Dev.,Error %,Throughput,Received KB/sec,Sent KB/sec,Avg. Bytes
Insert Patient (Auto Generated),10000,46406,15,61253,25108.63,77.260%,144.82049,22.23,17.68,157.2
Insert Doctor (UUID),10000,27626,3,60045,29875.53,45.990%,77.77138,10.18,9.42,134.0
Insert Appoointment (Sequence),10000,8279,3,60056,20644.39,13.740%,53.06673,5.71,6.69,110.2
TOTAL,30000,27437,3,61253,29866.70,45.663%,158.73352,20.74,19.53,133.8
